Timestamp,Coin,News,Market Signal,LLM Decision
2025-05-10 19:41:51,BTC,News fetch error: 'articles',"Price: $103618, 24h Change: 0.33%","HOLD.

The news fetch error provides no actionable information.  The market is essentially flat (0.33% change is insignificant in the context of cryptocurrency's volatility).  There's no strong signal to buy or sell based on the provided data.  More information is needed before making a trading decision."
2025-05-10 19:41:51,ETH,News fetch error: 'articles',"Price: $2418.07, 24h Change: 2.32%","HOLD.

The news fetch error prevents informed decision-making.  While the price shows a positive 2.32% change in 24 hours, this alone is insufficient to justify a buy or sell decision without understanding the underlying reasons for the price movement.  The error in fetching news suggests a lack of crucial information needed for a reasoned trade.  It's best to wait for reliable news and analysis before taking action."
2025-05-10 19:47:22,BTC,News fetch error: 'articles',"Price: $103610, 24h Change: 0.14%","HOLD.

The news fetch error prevents informed trading decisions.  A 0.14% change in price over 24 hours is negligible and doesn't provide a strong signal to buy or sell.  Waiting for reliable news and a more significant price movement is prudent."
2025-05-10 19:47:22,ETH,News fetch error: 'articles',"Price: $2420.64, 24h Change: 2.43%","HOLD.

The news fetch error prevents informed decision-making.  While the market shows a positive 2.43% change, this alone isn't sufficient reason to buy, especially considering the absence of relevant news to support the price movement.  A positive price change could be temporary and unrelated to any fundamental shift.  It's best to wait for reliable news before making a trading decision."
2025-05-10 19:49:45,BTC,"Premarket: Trade hopes feed risk appetite, boosting stocks and spurring bitcoin","Price: $103632, 24h Change: 0.16%","HOLD.

While the news is positive (""Trade hopes feed risk appetite, boosting stocks and spurring bitcoin""), the market signal shows a minimal price change (0.16% in 24 hours).  This suggests the market is reacting cautiously to the positive news.  A more significant price movement would be needed to justify a BUY decision, and there's no reason to SELL given the slightly positive news and minimal price change.  Holding is the safest option until more decisive market action occurs."
2025-05-10 19:49:45,ETH,"Bitcoin Jumps Over 23% In A Month, Crosses $99,000: Why Are Cryptocurrencies Rising, Should You Buy?","Price: $2426.9, 24h Change: 2.32%","HOLD.

The news headline refers to Bitcoin (BTC), not Ethereum (ETH).  While there can be correlation between the two, they are separate assets with distinct market dynamics.  A 23% jump in BTC doesn't automatically translate to a similar move in ETH. The market signal shows a modest 2.32% increase in ETH price over 24 hours, suggesting a relatively stable, and not overly bullish, market sentiment for ETH specifically.  Therefore, there's no strong signal to buy or sell ETH based on the provided information.  More analysis and consideration of individual risk tolerance are needed before making a trading decision."
2025-05-10 19:51:39,BTC,"Premarket: Trade hopes feed risk appetite, boosting stocks and spurring bitcoin","Price: $103660, 24h Change: 0.18%","HOLD.

The news is positive (""Trade hopes feed risk appetite, boosting stocks and spurring bitcoin""), suggesting upward price pressure.  However, the market signal shows a negligible 24-hour change (0.18%). This minimal movement indicates uncertainty and a lack of strong momentum.  It's best to wait for a clearer indication of the trend before committing to a buy or sell decision.  The price is also relatively high, suggesting caution against buying at the top of a potential temporary rally."
2025-05-10 19:51:39,ETH,"Bitcoin Jumps Over 23% In A Month, Crosses $99,000: Why Are Cryptocurrencies Rising, Should You Buy?","Price: $2427.84, 24h Change: 2.36%","HOLD.

The news headline refers to Bitcoin (BTC), not Ethereum (ETH).  While correlated, the crypto market is volatile, and a significant price jump in one cryptocurrency doesn't automatically translate to a similar move in others.  The provided market signal shows a modest 2.36% increase in ETH price over 24 hours, indicating a relatively stable, non-dramatic movement.  There's no strong signal to buy or sell ETH based on this limited information.  More analysis and consideration of individual risk tolerance are needed before making a trading decision."
2025-05-10 19:55:06,BTC,"Premarket: Trade hopes feed risk appetite, boosting stocks and spurring bitcoin","Price: $103655, 24h Change: 0.09%","HOLD.

While the news is positive (""Trade hopes feed risk appetite, boosting stocks and spurring bitcoin""), the market signal shows almost no change in price (0.09% in 24h).  This suggests the market is currently digesting the positive news and hasn't yet definitively reacted with a significant price increase.  Buying now carries a risk of buying at a local high before a potential pullback.  Selling would be premature given the positive sentiment. Therefore, holding is the most prudent strategy until a clearer price trend emerges."
2025-05-10 19:55:06,ETH,"Bitcoin Jumps Over 23% In A Month, Crosses $99,000: Why Are Cryptocurrencies Rising, Should You Buy?","Price: $2431.39, 24h Change: 2.5%","HOLD.

The news headline refers to Bitcoin (BTC), not Ethereum (ETH).  While a significant rise in Bitcoin can sometimes positively correlate with altcoins like ETH,  the provided market signal shows ETH is only up 2.5% in the last 24 hours. This is a relatively modest increase and doesn't warrant a buy decision based on the Bitcoin news alone.  There's no strong signal to buy or sell ETH based on the information given; therefore, holding is the most prudent course of action.  More information and analysis are needed before making a trading decision."
2025-05-10 19:57:43,BTC,"Premarket: Trade hopes feed risk appetite, boosting stocks and spurring bitcoin","Price: $103658, 24h Change: 0.02%","HOLD.

While the news is positive (""Trade hopes feed risk appetite, boosting stocks and spurring bitcoin""), the market signal shows virtually no price movement (0.02% change in 24 hours).  This suggests the market is currently digesting the positive news and hasn't yet reacted significantly.  A HOLD strategy allows the trader to observe the market's response to the news before committing to a buy or sell decision.  A more significant price movement, either up or down, would provide a clearer signal for action."
2025-05-10 19:57:43,ETH,"Bitcoin Jumps Over 23% In A Month, Crosses $99,000: Why Are Cryptocurrencies Rising, Should You Buy?","Price: $2434.05, 24h Change: 2.63%","HOLD.

The news headline refers to Bitcoin (BTC), not Ethereum (ETH).  While a significant rise in BTC can sometimes correlate with gains in other cryptocurrencies like ETH,  the provided market signal shows ETH is only up 2.63% in the last 24 hours. This is a relatively small movement compared to the headline's dramatic BTC increase.  There's not enough information to justify a BUY decision, and selling at a modest gain would be premature without a clear bearish signal.  Therefore, HOLD is the most prudent strategy given the limited information."
2025-05-10 19:59:12,BTC,"Premarket: Trade hopes feed risk appetite, boosting stocks and spurring bitcoin","Price: $103654, 24h Change: 0.02%","HOLD.

While the news is positive (""Trade hopes feed risk appetite, boosting stocks and spurring bitcoin""), the market signal shows almost no change in price (0.02% in 24 hours).  This suggests the market is currently consolidating and hasn't yet fully reacted to the positive news.  A HOLD strategy allows the trader to observe the market's reaction before committing to a buy or sell decision.  A more significant price movement would provide a clearer signal."
2025-05-10 19:59:12,ETH,"Bitcoin Jumps Over 23% In A Month, Crosses $99,000: Why Are Cryptocurrencies Rising, Should You Buy?","Price: $2436.06, 24h Change: 2.71%","HOLD.

The news headline refers to Bitcoin (BTC), not Ethereum (ETH).  While Bitcoin's price increase might indicate broader positive sentiment in the crypto market, it doesn't automatically mean ETH will follow suit.  ETH's current 2.71% increase in 24 hours is relatively modest compared to BTC's dramatic jump.  There's no compelling reason based on the provided information to buy or sell ETH; holding is the most prudent strategy until more relevant information about ETH's specific market dynamics becomes available."
2025-05-10 20:24:00,BTC,"Premarket: Trade hopes feed risk appetite, boosting stocks and spurring bitcoin","Price: $103540, 24h Change: 0.34%","Error: 429 Gemini 2.5 Pro Preview doesn't have a free quota tier. Please use Gemini 2.5 Pro Experimental (models/gemini-2.5-pro-exp-03-25) instead. For more information on this error, head to: https://ai.google.dev/gemini-api/docs/rate-limits. [violations {
  quota_metric: ""generativelanguage.googleapis.com/generate_content_free_tier_input_token_count""
  quota_id: ""GenerateContentInputTokensPerModelPerDay-FreeTier""
  quota_dimensions {
    key: ""model""
    value: ""gemini-2.5-pro-exp""
  }
  quota_dimensions {
    key: ""location""
    value: ""global""
  }
}
violations {
  quota_metric: ""generativelanguage.googleapis.com/generate_content_free_tier_requests""
  quota_id: ""GenerateRequestsPerMinutePerProjectPerModel-FreeTier""
  quota_dimensions {
    key: ""model""
    value: ""gemini-2.5-pro-exp""
  }
  quota_dimensions {
    key: ""location""
    value: ""global""
  }
}
violations {
  quota_metric: ""generativelanguage.googleapis.com/generate_content_free_tier_requests""
  quota_id: ""GenerateRequestsPerDayPerProjectPerModel-FreeTier""
  quota_dimensions {
    key: ""model""
    value: ""gemini-2.5-pro-exp""
  }
  quota_dimensions {
    key: ""location""
    value: ""global""
  }
}
violations {
  quota_metric: ""generativelanguage.googleapis.com/generate_content_free_tier_input_token_count""
  quota_id: ""GenerateContentInputTokensPerModelPerMinute-FreeTier""
  quota_dimensions {
    key: ""model""
    value: ""gemini-2.5-pro-exp""
  }
  quota_dimensions {
    key: ""location""
    value: ""global""
  }
}
, links {
  description: ""Learn more about Gemini API quotas""
  url: ""https://ai.google.dev/gemini-api/docs/rate-limits""
}
, retry_delay {
  seconds: 57
}
]"
2025-05-10 20:24:00,ETH,"Bitcoin Jumps Over 23% In A Month, Crosses $99,000: Why Are Cryptocurrencies Rising, Should You Buy?","Price: $2419.21, 24h Change: 3.45%","Error: 429 Gemini 2.5 Pro Preview doesn't have a free quota tier. Please use Gemini 2.5 Pro Experimental (models/gemini-2.5-pro-exp-03-25) instead. For more information on this error, head to: https://ai.google.dev/gemini-api/docs/rate-limits. [violations {
  quota_metric: ""generativelanguage.googleapis.com/generate_content_free_tier_requests""
  quota_id: ""GenerateRequestsPerDayPerProjectPerModel-FreeTier""
  quota_dimensions {
    key: ""model""
    value: ""gemini-2.5-pro-exp""
  }
  quota_dimensions {
    key: ""location""
    value: ""global""
  }
}
violations {
  quota_metric: ""generativelanguage.googleapis.com/generate_content_free_tier_requests""
  quota_id: ""GenerateRequestsPerMinutePerProjectPerModel-FreeTier""
  quota_dimensions {
    key: ""model""
    value: ""gemini-2.5-pro-exp""
  }
  quota_dimensions {
    key: ""location""
    value: ""global""
  }
}
violations {
  quota_metric: ""generativelanguage.googleapis.com/generate_content_free_tier_input_token_count""
  quota_id: ""GenerateContentInputTokensPerModelPerMinute-FreeTier""
  quota_dimensions {
    key: ""model""
    value: ""gemini-2.5-pro-exp""
  }
  quota_dimensions {
    key: ""location""
    value: ""global""
  }
}
violations {
  quota_metric: ""generativelanguage.googleapis.com/generate_content_free_tier_input_token_count""
  quota_id: ""GenerateContentInputTokensPerModelPerDay-FreeTier""
  quota_dimensions {
    key: ""model""
    value: ""gemini-2.5-pro-exp""
  }
  quota_dimensions {
    key: ""location""
    value: ""global""
  }
}
, links {
  description: ""Learn more about Gemini API quotas""
  url: ""https://ai.google.dev/gemini-api/docs/rate-limits""
}
, retry_delay {
  seconds: 55
}
]"
2025-05-10 20:24:44,BTC,"Premarket: Trade hopes feed risk appetite, boosting stocks and spurring bitcoin","Price: $103540, 24h Change: 0.34%","HOLD.

While the news is positive (""Trade hopes feed risk appetite, boosting stocks and spurring bitcoin""), the market signal shows only a minor price increase (0.34% in 24 hours).  This small change doesn't provide a strong enough signal to justify a BUY decision.  A HOLD strategy allows the trader to observe further price movements and gather more information before committing to a trade.  The price could easily reverse or consolidate, making a buy decision at this point premature and potentially risky."
2025-05-10 20:24:44,ETH,"Bitcoin Jumps Over 23% In A Month, Crosses $99,000: Why Are Cryptocurrencies Rising, Should You Buy?","Price: $2419.21, 24h Change: 3.45%","HOLD.

The news headline refers to Bitcoin (BTC), not Ethereum (ETH).  While a significant rise in Bitcoin can sometimes correlate with increases in other cryptocurrencies like ETH, it's not a guaranteed relationship. The market signal shows a relatively modest 3.45% increase in ETH price over 24 hours, which is not indicative of a strong buy signal.  More information and analysis are needed before making a trading decision on ETH specifically.  The headline is irrelevant to the decision on ETH."
2025-05-13 17:35:35,BTC,Investors ramp up crypto spree as bitcoin nears record high,"Price: $103614, 24h Change: -0.68%","HOLD.

While the news headline is bullish (""Investors ramp up crypto spree...""), the market signal shows a slight price decrease (-0.68%) despite nearing a record high.  This suggests a potential temporary pullback or consolidation before a further price increase.  Jumping in to buy at this point, so close to a record high with a slightly negative 24-hour change, carries significant risk.  Holding is a safer option until the price action provides clearer direction."
2025-05-13 17:35:35,ETH,"Bitcoin Jumps Over 23% In A Month, Crosses $99,000: Why Are Cryptocurrencies Rising, Should You Buy?","Price: $2491.96, 24h Change: -2.4%","HOLD.

The news headline refers to Bitcoin (BTC), not Ethereum (ETH).  While Bitcoin's surge *might* suggest broader positive sentiment in the crypto market,  the market signal shows ETH is currently down 2.4% in the last 24 hours.  This indicates a negative short-term trend for ETH, irrespective of Bitcoin's movement.  There's no immediate reason based on the provided information to buy, and selling would lock in a loss. Therefore, holding is the most prudent strategy until more information or a clearer trend emerges."
2025-05-13 17:47:52,BTC,Investors ramp up crypto spree as bitcoin nears record high,"Price: $103753, 24h Change: -0.37%","HOLD.

While the news headline is bullish (""investors ramp up crypto spree,"" suggesting increasing demand), the market signal shows a slight price decrease (-0.37%) despite nearing a record high.  This discrepancy suggests caution.  The price is very close to an all-time high, making a correction or pullback likely.  It's prudent to wait for confirmation of a sustained upward trend before buying.  Selling at this point might also be premature, as the overall sentiment is positive.  Therefore, holding is the safest option."
2025-05-13 17:47:52,ETH,"Bitcoin Jumps Over 23% In A Month, Crosses $99,000: Why Are Cryptocurrencies Rising, Should You Buy?","Price: $2508.28, 24h Change: -1.33%","HOLD.

The news headline refers to Bitcoin (BTC), not Ethereum (ETH).  While there can be correlation between major cryptocurrencies, the provided ETH market signal shows a recent price drop (-1.33%).  This negative movement contradicts the positive news about BTC and suggests that ETH is not currently participating in the same upward trend.  Therefore, buying would be risky, and selling might lock in a loss if the price recovers.  Holding is the most prudent course of action until more information suggests a clear trend for ETH."
